{"cameraMode":{"drawMode":0,"name":"Shaded","section":"Shading Mode"},"sceneLighting":false,"audioPlay":false,"sceneViewState":{"showFog":true,"showMaterialUpdate":false,"showSkybox":false,"showFlares":true,"showImageEffects":true,"showParticleSystems":true},"in2DMode":false,"pivot":{"x":0.208675354719162,"y":1.210524082183838,"z":-0.7816576957702637},"rotation":{"x":-0.004328897688537836,"y":-0.9950448274612427,"z":0.05029240623116493,"w":-0.08569251745939255},"size":3.6374921798706056,"orthographic":true}