{"cameraMode":{"drawMode":0,"name":"Shaded","section":"Shading Mode"},"sceneLighting":false,"audioPlay":false,"sceneViewState":{"showFog":true,"showMaterialUpdate":false,"showSkybox":false,"showFlares":true,"showImageEffects":true,"showParticleSystems":true},"in2DMode":false,"pivot":{"x":-0.08149784803390503,"y":1.465848445892334,"z":-0.05484715476632118},"rotation":{"x":0.0005788138951174915,"y":-0.9935297966003418,"z":-0.005068995989859104,"w":-0.11345736682415009},"size":3.2333264350891115,"orthographic":true}