{"cameraMode":{"drawMode":0,"name":"Shaded","section":"Shading Mode"},"sceneLighting":false,"audioPlay":false,"sceneViewState":{"showFog":true,"showMaterialUpdate":false,"showSkybox":false,"showFlares":true,"showImageEffects":true,"showParticleSystems":true},"in2DMode":false,"pivot":{"x":-0.052870992571115497,"y":1.4642908573150635,"z":0.13341361284255982},"rotation":{"x":-0.03972944617271423,"y":-0.6059338450431824,"z":0.030323060229420663,"w":-0.7939490675926209},"size":2.7528460025787355,"orthographic":true}