{"cameraMode":{"drawMode":0,"name":"Shaded","section":"Shading Mode"},"sceneLighting":false,"audioPlay":false,"sceneViewState":{"showFog":true,"showMaterialUpdate":false,"showSkybox":false,"showFlares":true,"showImageEffects":true,"showParticleSystems":true},"in2DMode":false,"pivot":{"x":-0.005859379190951586,"y":0.5645923018455505,"z":0.34487900137901308},"rotation":{"x":-0.02107371762394905,"y":-0.5627124309539795,"z":0.014353507198393345,"w":-0.8262682557106018},"size":4.434950828552246,"orthographic":true}