{"cameraMode":{"drawMode":0,"name":"Shaded","section":"Shading Mode"},"sceneLighting":false,"audioPlay":false,"sceneViewState":{"showFog":true,"showMaterialUpdate":false,"showSkybox":false,"showFlares":true,"showImageEffects":true,"showParticleSystems":true},"in2DMode":false,"pivot":{"x":-0.08033719658851624,"y":1.1435664892196656,"z":-0.029801487922668458},"rotation":{"x":-0.03972944617271423,"y":-0.6059338450431824,"z":0.030323060229420663,"w":-0.7939490675926209},"size":1.7434203624725342,"orthographic":true}